State,Poll Source,Poll Date,Sample Size,Reported Proportion for Biden,Reported Proportion for Trump,Estimated p hat Biden wins,Estimated std dev,Grade,Bias
Alabama,Auburn U. Montgomery,10/05/2020,1072.0,40.0,60.0,0.4,0.014962640041614494,0,0
Alabama,Axios / SurveyMonkey,10/01/2020,1354.0,40.0,60.0,0.4,0.013313624034556867,D-,D +5.6
Alabama,Morning Consult,8/04/2020,609.0,39.0,61.0,0.39,0.019764624815277167,0,0
Alabama,AUM Poll,7/10/2020,567.0,43.0,57.0,0.43,0.02079122729121906,0,0
Alabama,Mason-Dixon,2/11/2020,625.0,40.0,60.0,0.4,0.019595917942265426,B+,R +0.7
Alabama,WPA Intelligence,1/28/2020,500.0,39.5,60.5,0.395,0.021862067605786968,B/C,R +2.1
Alaska,NY Times / Siena College,10/16/2020,423.0,47.0,53.0,0.47,0.024267032964268395,A+,R +0.4
Alaska,Alaska Survey Research,10/06/2020,676.0,48.0,52.0,0.48,0.019215378456610456,0,0
Alaska,Axios / SurveyMonkey,10/01/2020,563.0,46.0,54.0,0.46,0.021004947399965345,D-,D +5.6
Alaska,Public Policy,7/28/2020,885.0,47.0,53.0,0.47,0.016777035690302155,B,D +0.4
Alaska,Alaska Survey Research,7/17/2020,663.0,49.5,50.5,0.495,0.019417419990694504,0,0
Alaska,Public Policy,7/09/2020,1081.0,48.5,51.5,0.485,0.015200631711883985,B,D +0.4
Arizona,Monmouth University,10/15/2020,502.0,53.0,47.0,0.53,0.02227588695074185,0,0
Arizona,OH Predictive Insights,10/15/2020,608.0,51.5,48.5,0.515,0.02026855063236743,0,0
Arizona,Ipsos/Reuters,10/14/2020,667.0,52.0,48.0,0.52,0.019344583054520026,B-,D +0.5
Arizona,Morning Consult,10/13/2020,1144.0,51.5,48.5,0.515,0.014776156137838765,0,0
Arizona,Redfield & Wilton,10/09/2020,727.0,53.0,47.0,0.53,0.018510564291003916,0,0
Arizona,Trafalgar Group,10/09/2020,1087.0,48.0,52.0,0.48,0.015153310367289272,0,0
Arizona,Ipsos/Reuters,10/07/2020,663.0,51.0,49.0,0.51,0.01941450686788302,B-,D +0.5
Arizona,Data Orbital,10/07/2020,550.0,52.5,47.5,0.525,0.021293404868857654,0,0
Arizona,CNBC/Change Research,10/06/2020,296.0,53.0,47.0,0.53,0.029009551083290723,C-,D +1.6
Arizona,NY Times / Siena College,10/05/2020,655.0,54.0,46.0,0.54,0.01947399910704974,A+,R +0.4
Arizona,Redfield & Wilton,10/02/2020,871.0,51.5,48.5,0.515,0.016934228138997212,0,0
Arizona,Suffolk University,10/02/2020,500.0,52.0,48.0,0.52,0.022342784070030305,0,0
Arizona,Ipsos/Reuters,9/23/2020,565.0,50.5,49.5,0.505,0.02103410631138352,B-,D +0.5
Arizona,CNBC/Change Research,9/23/2020,262.0,53.0,47.0,0.53,0.030834450842825562,C-,D +1.6
Arizona,ABC News / Wash. Post,9/23/2020,579.0,49.5,50.5,0.495,0.0207782518825655,A+,D +0.8
Arizona,Redfield & Wilton,9/18/2020,855.0,52.5,47.5,0.525,0.01707825127659933,0,0
Arizona,NY Times / Siena College,9/18/2020,653.0,54.5,45.5,0.545,0.01948710650818268,A+,R +0.4
Arizona,Monmouth University,9/17/2020,420.0,52.0,48.0,0.52,0.02437797600880176,0,0
Arizona,Kaiser Family Foundation,9/17/2020,1298.0,52.5,47.5,0.525,0.013860825954751754,0,0
Arizona,OH Predictive Insights,9/14/2020,600.0,55.0,45.0,0.55,0.020310096011589902,0,0
Arizona,YouGov/CBS News,9/13/2020,1106.0,51.5,48.5,0.515,0.01502785238139857,B,D +0.4
Arizona,Gravis Marketing,9/12/2020,684.0,51.0,49.0,0.51,0.019114153844546258,0,0
Arizona,Benenson / GS Strategy,9/10/2020,1600.0,50.5,49.5,0.505,0.01249937498437422,B/C,D +3.8
Arizona,CNBC/Change Research,9/09/2020,470.0,52.0,48.0,0.52,0.023044822190401774,C-,D +1.6
Arizona,Redfield & Wilton,9/08/2020,830.0,52.5,47.5,0.525,0.01733354572004573,0,0
Arizona,Fox News,9/02/2020,772.0,54.5,45.5,0.545,0.017922364238469574,A-,D +2.7
Arizona,Morning Consult,9/01/2020,9443.0,55.0,45.0,0.55,0.005119559641658092,0,0
Arizona,CNBC/Change Research,8/26/2020,344.0,51.0,49.0,0.51,0.026952801122927708,C-,D +1.6
Arizona,Redfield & Wilton,8/21/2020,856.0,54.5,45.5,0.545,0.017020294373504462,0,0
Arizona,CNBC/Change Research,8/12/2020,428.0,50.5,49.5,0.505,0.02416720377531826,C-,D +1.6
Arizona,Emerson College,8/11/2020,661.0,52.0,48.0,0.52,0.01943218161451632,0,0
Arizona,Trafalgar Group,8/10/2020,1013.0,49.5,50.5,0.495,0.015708820090249875,0,0
Arizona,OH Predictive Insights,8/10/2020,603.0,52.0,48.0,0.52,0.020345278279215215,0,0
Arizona,Redfield & Wilton,7/30/2020,858.0,54.0,46.0,0.54,0.017015007772860097,0,0
Arizona,CNBC/Change Research,7/29/2020,365.0,51.0,49.0,0.51,0.026165961366756148,C-,D +1.6
Arizona,Morning Consult,7/28/2020,908.0,53.5,46.5,0.535,0.016552379814789162,0,0
Arizona,NBC News/Marist,7/26/2020,826.0,52.5,47.5,0.525,0.017375464876112436,A+,R +0.4
Arizona,CNN/SSRS,7/26/2020,873.0,52.0,48.0,0.52,0.01690889271717584,B+,D +0.0
Arizona,Spry Strategies,7/22/2020,700.0,52.0,48.0,0.52,0.018883099019266634,0,0
Arizona,Public Policy,7/22/2020,960.0,52.0,48.0,0.52,0.0161245154965971,B,D +0.4
Arizona,OH Predictive Insights,7/16/2020,600.0,52.5,47.5,0.525,0.020386883037875114,0,0
Arizona,CNBC/Change Research,7/15/2020,345.0,53.0,47.0,0.53,0.02687059704411583,C-,D +1.6
Arizona,YouGov/CBS News,7/12/2020,1099.0,50.0,50.0,0.5,0.015082424435169042,B,D +0.4
Arizona,Data Orbital,7/01/2020,600.0,51.0,49.0,0.51,0.020408331631958553,0,0
Arizona,CNBC/Change Research,7/01/2020,311.0,53.5,46.5,0.535,0.02828285017723479,C-,D +1.6
Arizona,Redfield & Wilton,6/25/2020,865.0,52.0,48.0,0.52,0.01698690417041309,0,0
Arizona,NY Times / Siena College,6/25/2020,650.0,53.5,46.5,0.535,0.01956350605670592,A+,R +0.4
Arizona,CNBC/Change Research,6/17/2020,201.0,50.5,49.5,0.505,0.03526551738480396,C-,D +1.6
Arizona,Civiqs,6/16/2020,1368.0,52.0,48.0,0.52,0.013507632670119408,0,0
Arizona,CNBC/Change Research,6/03/2020,329.0,49.5,50.5,0.495,0.027564513991923424,C-,D +1.6
Arizona,Fox News,6/03/2020,1002.0,52.0,48.0,0.52,0.015782959051052044,A-,D +2.7
Arizona,HighGround,5/26/2020,400.0,51.0,49.0,0.51,0.024994999499899976,B/C,R +4.4
Arizona,Redfield & Wilton,5/21/2020,946.0,52.0,48.0,0.52,0.016243391891069114,0,0
Arizona,OH Predictive Insights,5/19/2020,600.0,53.5,46.5,0.535,0.020362342694297236,0,0
Arizona,OH Predictive Insights,4/14/2020,600.0,54.5,45.5,0.545,0.020329576155608032,0,0
Arizona,NBC News/Marist,3/16/2020,2523.0,50.5,49.5,0.505,0.009953817257835213,A+,R +0.4
Arizona,Monmouth University,3/16/2020,847.0,51.5,48.5,0.515,0.01717247048682907,0,0
Arizona,Univision/ASU,3/13/2020,1036.0,54.0,46.0,0.54,0.015484454777884167,B/C,D +5.8
Arizona,OH Predictive Insights,3/13/2020,600.0,53.0,47.0,0.53,0.02037563904928301,0,0
Arizona,Public Policy,3/05/2020,666.0,50.5,49.5,0.505,0.01937363770276088,B,D +0.4
Arizona,Fabrizio Lee,2/28/2020,1000.0,47.5,52.5,0.475,0.015791611697353755,B/C,D +2.1
Arizona,Public Policy,1/08/2020,760.0,50.0,50.0,0.5,0.01813690625275029,B,D +0.4
Arkansas,Axios / SurveyMonkey,10/17/2020,1466.0,40.5,59.5,0.405,0.012820914657710663,D-,D +5.6
Arkansas,Axios / SurveyMonkey,10/01/2020,771.0,38.0,62.0,0.38,0.017480765787094184,D-,D +5.6
Arkansas,Hendrix College,6/14/2020,869.0,49.0,51.0,0.49,0.01695794568186657,0,0
California,Axios / SurveyMonkey,10/17/2020,22318.0,63.0,37.0,0.63,0.003231792733574401,D-,D +5.6
California,SurveyUSA,9/29/2020,588.0,63.5,36.5,0.635,0.01985384522121665,0,0
California,Redfield & Wilton,9/27/2020,1733.0,67.0,33.0,0.67,0.01129523029209293,0,0
California,UC Berkeley,9/25/2020,5942.0,69.5,30.5,0.695,0.00597277284709559,C/D,R +5.9
California,PPIC,9/17/2020,1168.0,64.5,35.5,0.645,0.014001437059317424,A/B,R +4.4
California,Spry Strategies,9/07/2020,600.0,58.5,41.5,0.585,0.020115292689891442,0,0
California,Redfield & Wilton,8/14/2020,2000.0,68.0,32.0,0.68,0.010430723848324237,0,0
California,UC Berkeley,8/04/2020,6756.0,69.5,30.5,0.695,0.005601411794465589,C/D,R +5.9
California,PPIC,6/04/2020,1048.0,62.0,38.0,0.62,0.01499363732739136,A/B,R +4.4
California,SurveyUSA,5/20/2020,537.0,64.0,36.0,0.64,0.020713528896100945,0,0
California,Emerson College,5/11/2020,800.0,65.0,35.0,0.65,0.016863421954040052,0,0
California,Public Policy,4/01/2020,962.0,69.0,31.0,0.69,0.014911380631895638,B,D +0.4
California,CNN/SSRS,2/28/2020,951.0,62.5,37.5,0.625,0.015698761228229007,B+,D +0.0
California,USC,2/20/2020,1200.0,65.0,35.0,0.65,0.013768926368215254,B/C,D +1.2
California,SurveyUSA,1/21/2020,1967.0,62.0,38.0,0.62,0.010944236341570504,0,0
Colorado,Keating Research,10/15/2020,519.0,57.5,42.5,0.575,0.021699249252261087,0,0
Colorado,Civiqs,10/15/2020,1013.0,56.0,44.0,0.56,0.015596086278496854,0,0
Colorado,Morning Consult,10/13/2020,837.0,57.0,43.0,0.57,0.017112321327588435,0,0
Colorado,SurveyUSA,10/08/2020,1021.0,55.0,45.0,0.55,0.015569502321735368,0,0
Colorado,Fabrizio Ward / Hart Research,9/10/2020,800.0,55.0,45.0,0.55,0.01758905909933786,0,0
Colorado,Global Strategy Group,9/03/2020,800.0,56.0,44.0,0.56,0.017549928774784243,0,0
Colorado,Morning Consult,9/03/2020,638.0,55.0,45.0,0.55,0.019695964928958382,0,0
Colorado,Morning Consult,9/01/2020,,55.0,45.0,0.55,,0,0
Colorado,Public Policy,7/28/2020,891.0,56.5,43.5,0.565,0.01660848430296247,B,D +0.4
Colorado,Morning Consult,7/28/2020,616.0,56.5,43.5,0.565,0.019974618634917403,0,0
Colorado,Public Policy,7/01/2020,840.0,58.5,41.5,0.585,0.01700052520197118,B,D +0.4
Colorado,Global Strategy Group,5/18/2020,800.0,56.5,43.5,0.565,0.017527656717313926,0,0
Colorado,Keating Research,5/06/2020,600.0,60.0,40.0,0.6,0.02,0,0
Colorado,Montana State U.,5/05/2020,380.0,59.0,41.0,0.59,0.025230516193063136,B/C,D +3.0
Connecticut,Axios / SurveyMonkey,10/17/2020,2681.0,65.0,35.0,0.65,0.009211753191811032,D-,D +5.6
Connecticut,Axios / SurveyMonkey,10/01/2020,1415.0,62.0,38.0,0.62,0.01290355636188924,D-,D +5.6
Connecticut,SurveyUSA,6/18/2020,808.0,60.0,40.0,0.6,0.017234549688642783,0,0
Connecticut,Quinnipiac,5/06/2020,945.0,61.5,38.5,0.615,0.015828946760778353,B+,D +0.2
Connecticut,GreatBlue Research,4/10/2020,866.0,57.0,43.0,0.57,0.016823358884510663,0,0
Connecticut,GreatBlue Research,3/17/2020,881.0,57.5,42.5,0.575,0.016654838784496563,0,0
Delaware,Univ. of Delaware,10/05/2020,847.0,60.5,39.5,0.605,0.016797108594721208,0,0
Delaware,Axios / SurveyMonkey,10/01/2020,395.0,62.0,38.0,0.62,0.02442244247004242,D-,D +5.6
Delaware,Public Policy,8/25/2020,710.0,60.5,39.5,0.605,0.018346239588598354,B,D +0.4
Delaware,Gonzales Research,1/27/2020,410.0,58.0,42.0,0.58,0.02437511726050594,B/C,R +2.1
Florida,Hill-HarrisX,10/16/2020,965.0,50.0,50.0,0.5,0.01609556949949126,0,0
Florida,Mason-Dixon,10/16/2020,625.0,51.5,48.5,0.515,0.019990997974088237,B+,R +0.7
Florida,Ipsos/Reuters,10/14/2020,653.0,51.0,49.0,0.51,0.01956259831106131,B-,D +0.5
Florida,Trafalgar Group,10/14/2020,1051.0,49.0,51.0,0.49,0.015419907554876959,0,0
Florida,Florida Atlantic Univ.,10/13/2020,644.0,52.0,48.0,0.52,0.019686991637920526,B/C,D +2.9
Florida,Morning Consult,10/13/2020,4785.0,52.5,47.5,0.525,0.007219140354697022,0,0
Florida,St. Pete Polls,10/12/2020,2215.0,51.0,49.0,0.51,0.010621754583348925,0,0
Florida,Emerson College,10/12/2020,690.0,51.5,48.5,0.515,0.019026107158932652,0,0
Florida,Redfield & Wilton,10/09/2020,998.0,52.5,47.5,0.525,0.0158074270360169,0,0
Florida,InsiderAdvantage,10/08/2020,400.0,48.5,51.5,0.485,0.024988747467610296,B-,D +1.8
Florida,St. Leo University,10/07/2020,489.0,53.0,47.0,0.53,0.02257004547991065,C/D,D +8.5
Florida,Ipsos/Reuters,10/07/2020,678.0,52.0,48.0,0.52,0.01918701625892765,B-,D +0.5
Florida,Quinnipiac,10/07/2020,1211.0,55.5,44.5,0.555,0.014280862099173966,B+,D +0.2
Florida,CNBC/Change Research,10/06/2020,590.0,52.0,48.0,0.52,0.020568199908052896,C-,D +1.6
Florida,Suffolk University,10/06/2020,500.0,50.0,50.0,0.5,0.022360679774997897,0,0
Florida,Univ. of North Florida,10/06/2020,3134.0,53.0,47.0,0.53,0.008915328861266473,A/B,D +3.9
Florida,NY Times / Siena College,10/03/2020,710.0,52.5,47.5,0.525,0.01874119511573894,A+,R +0.4
Florida,Redfield & Wilton,10/02/2020,1073.0,52.5,47.5,0.525,0.015244970753373135,0,0
Florida,Ipsos/Reuters,9/23/2020,586.0,50.0,50.0,0.5,0.02065480961930069,B-,D +0.5
Florida,CNBC/Change Research,9/23/2020,702.0,51.5,48.5,0.515,0.018862789913076043,C-,D +1.6
Florida,St. Pete Polls,9/23/2020,2906.0,51.5,48.5,0.515,0.009271002087001073,0,0
Florida,ABC News / Wash. Post,9/23/2020,613.0,48.0,52.0,0.48,0.02017864747770186,A+,D +0.8
Florida,YouGov/CBS News,9/20/2020,1205.0,51.0,49.0,0.51,0.014400899003749126,B,D +0.4
Florida,Redfield & Wilton,9/18/2020,1158.0,51.5,48.5,0.515,0.014686564066383707,0,0
Florida,Kaiser Family Foundation,9/17/2020,1009.0,50.5,49.5,0.505,0.015739926695149564,0,0
Florida,Monmouth University,9/15/2020,428.0,52.5,47.5,0.525,0.024138182805647952,0,0
Florida,Florida Atlantic Univ.,9/15/2020,631.0,50.0,50.0,0.5,0.019904685716450824,B/C,D +2.9
Florida,Benenson / GS Strategy,9/10/2020,1600.0,51.0,49.0,0.51,0.012497499749949988,B/C,D +3.8
Florida,St. Pete Polls,9/09/2020,2689.0,51.5,48.5,0.515,0.009637826030350303,0,0
Florida,CNBC/Change Research,9/09/2020,1144.0,51.5,48.5,0.515,0.014776156137838765,C-,D +1.6
Florida,Redfield & Wilton,9/08/2020,1093.0,51.5,48.5,0.515,0.015116957874206695,0,0
Florida,NBC News/Marist,9/08/2020,766.0,50.0,50.0,0.5,0.018065734338248103,A+,R +0.4
Florida,Trafalgar Group,9/04/2020,1022.0,48.5,51.5,0.485,0.01563324146642512,0,0
Florida,Quinnipiac,9/03/2020,1235.0,51.5,48.5,0.515,0.014221355897478728,B+,D +0.2
Florida,Morning Consult,9/01/2020,,51.0,49.0,0.51,,0,0
Florida,CNBC/Change Research,8/26/2020,1262.0,51.5,48.5,0.515,0.014068403189569131,C-,D +1.6
Florida,Public Policy,8/25/2020,671.0,52.0,48.0,0.52,0.019286837901647105,B,D +0.4
Florida,Redfield & Wilton,8/21/2020,1280.0,54.0,46.0,0.54,0.013930631715755032,0,0
Florida,CNBC/Change Research,8/12/2020,469.0,53.0,47.0,0.53,0.023046259218491075,C-,D +1.6
Florida,Redfield & Wilton,7/30/2020,1121.0,53.5,46.5,0.535,0.014897059801268474,0,0
Florida,Mason-Dixon,7/30/2020,625.0,52.0,48.0,0.52,0.019983993594874874,B+,R +0.7
Florida,CNBC/Change Research,7/29/2020,865.0,51.5,48.5,0.515,0.016992858071364157,C-,D +1.6
Florida,Morning Consult,7/28/2020,3760.0,51.5,48.5,0.515,0.008150430741782653,0,0
Florida,CNN/SSRS,7/26/2020,880.0,52.5,47.5,0.525,0.01683391463142729,B+,D +0.0
Florida,Quinnipiac,7/23/2020,924.0,56.5,43.5,0.565,0.016309207820745304,B+,D +0.2
Florida,St. Pete Polls,7/23/2020,3018.0,53.0,47.0,0.53,0.009085048415121557,0,0
Florida,CNBC/Change Research,7/15/2020,1128.0,53.5,46.5,0.535,0.014850764719904408,C-,D +1.6
Florida,Gravis Marketing,7/13/2020,529.0,55.0,45.0,0.55,0.02163016167623087,0,0
Florida,YouGov/CBS News,7/12/2020,1229.0,53.0,47.0,0.53,0.014236752082037629,B,D +0.4
Florida,Trafalgar Group,7/03/2020,1072.0,50.0,50.0,0.5,0.015271180544538153,0,0
Florida,CNBC/Change Research,7/01/2020,951.0,52.5,47.5,0.525,0.01619333118179848,C-,D +1.6
Florida,Fox News,6/25/2020,1010.0,54.5,45.5,0.545,0.015669071509831014,A-,D +2.7
Florida,Redfield & Wilton,6/25/2020,1079.0,52.0,48.0,0.52,0.01520938201258747,0,0
Florida,NY Times / Siena College,6/25/2020,651.0,53.0,47.0,0.53,0.01956123945698999,A+,R +0.4
Florida,CNBC/Change Research,6/17/2020,713.0,53.5,46.5,0.535,0.018679214209336024,C-,D +1.6
Florida,TIPP Battleground Poll,6/16/2020,876.0,55.5,44.5,0.555,0.016790918125786015,0,0
Florida,Cygnal,6/11/2020,881.0,51.5,48.5,0.515,0.016837845864256736,0,0
Florida,CNBC/Change Research,6/03/2020,1186.0,51.5,48.5,0.515,0.014512162718874446,C-,D +1.6
Florida,St. Pete Polls,5/28/2020,4763.0,50.5,49.5,0.505,0.007244493010820959,0,0
Florida,Redfield & Wilton,5/21/2020,1014.0,51.0,49.0,0.51,0.015698716639968118,0,0
Florida,Florida Atlantic Univ.,5/15/2020,928.0,53.0,47.0,0.53,0.016383733522550074,B/C,D +2.9
Florida,Fox News,4/23/2020,1004.0,51.5,48.5,0.515,0.01577275754198002,A-,D +2.7
Florida,Quinnipiac,4/22/2020,1385.0,52.0,48.0,0.52,0.013424477885496885,B+,D +0.2
Florida,St. Pete Polls,4/18/2020,5659.0,50.0,50.0,0.5,0.006646609399135984,0,0
Florida,Univ. of North Florida,4/06/2020,3222.0,53.0,47.0,0.53,0.008792737254663468,A/B,D +3.9
Florida,Univision,3/16/2020,1071.0,48.5,51.5,0.485,0.015271431497450586,0,0
Florida,Florida Atlantic Univ.,3/10/2020,1216.0,49.0,51.0,0.49,0.014335615383409692,B/C,D +2.9
Florida,Univ. of North Florida,2/20/2020,725.0,50.5,49.5,0.505,0.01856860531780122,A/B,D +3.9
Florida,Cherry Communications,1/21/2020,608.0,48.0,52.0,0.48,0.02026144900517911,0,0
Florida,Florida Atlantic Univ.,1/15/2020,1285.0,51.0,49.0,0.51,0.013945418895508526,B/C,D +2.9
Georgia,Quinnipiac,10/14/2020,1040.0,53.5,46.5,0.535,0.015466309539422478,B+,D +0.2
Georgia,SurveyUSA,10/13/2020,677.0,51.0,49.0,0.51,0.01921271735398397,0,0
Georgia,Morning Consult,10/13/2020,1837.0,49.0,51.0,0.49,0.011663490767147724,0,0
Georgia,Public Policy,10/10/2020,528.0,50.5,49.5,0.505,0.021758618981911514,B,D +0.4
Georgia,Landmark Comm.,10/09/2020,600.0,49.0,51.0,0.49,0.020408331631958553,B,D +2.8
Georgia,Univ. of Georgia,10/09/2020,1106.0,49.0,51.0,0.49,0.015031612258457427,B/C,R +4.1
Georgia,Redfield & Wilton,10/02/2020,789.0,50.5,49.5,0.505,0.017799581316902773,0,0
Georgia,Landmark Comm.,10/01/2020,500.0,51.0,49.0,0.51,0.022356207191739835,B,D +2.8
Georgia,Civiqs,9/29/2020,969.0,51.5,48.5,0.515,0.016055084486669542,0,0
Georgia,Quinnipiac,9/29/2020,1125.0,51.5,48.5,0.515,0.014900410136040626,B+,D +0.2
Georgia,YouGov/CBS News,9/27/2020,1142.0,49.5,50.5,0.495,0.014795009098363728,B,D +0.4
Georgia,NY Times / Siena College,9/24/2020,523.0,50.0,50.0,0.5,0.021863473472331304,A+,R +0.4
Georgia,Monmouth University,9/23/2020,402.0,49.5,50.5,0.495,0.024936486484846962,0,0
Georgia,Univ. of Georgia,9/22/2020,1150.0,50.0,50.0,0.5,0.014744195615489713,B/C,R +4.1
Georgia,Redfield & Wilton,9/20/2020,800.0,49.5,50.5,0.495,0.017676785624089014,0,0
Georgia,Fabrizio Ward / Hart Research,9/10/2020,800.0,50.5,49.5,0.505,0.017676785624089014,0,0
Georgia,Landmark Comm.,9/01/2020,500.0,46.5,53.5,0.465,0.022305828834634233,B,D +2.8
Georgia,Morning Consult,9/01/2020,,51.5,48.5,0.515,,0,0
Georgia,Public Policy,8/31/2020,782.0,50.5,49.5,0.505,0.0178790694757779,B,D +0.4
Georgia,Landmark Comm.,8/17/2020,500.0,49.0,51.0,0.49,0.022356207191739835,B,D +2.8
Georgia,SurveyUSA,8/11/2020,623.0,51.0,49.0,0.51,0.020028070189252335,0,0
Georgia,YouGov/CBS News,8/02/2020,1109.0,50.5,49.5,0.505,0.015013519606169408,B,D +0.4
Georgia,Monmouth University,7/29/2020,402.0,50.0,50.0,0.5,0.024937733402690822,0,0
Georgia,Public Policy,7/28/2020,722.0,50.5,49.5,0.505,0.01860714276219896,B,D +0.4
Georgia,Morning Consult,7/28/2020,1337.0,50.5,49.5,0.505,0.013673590987780858,0,0
Georgia,Spry Strategies,7/22/2020,700.0,48.5,51.5,0.485,0.018889717535511975,0,0
Georgia,Trafalgar Group,7/20/2020,1023.0,46.5,53.5,0.465,0.01559428799855313,0,0
Georgia,Public Policy,6/29/2020,734.0,52.0,48.0,0.52,0.018440566583291483,B,D +0.4
Georgia,Fox News,6/25/2020,1013.0,51.0,49.0,0.51,0.015706463354794375,A-,D +2.7
Georgia,Public Policy,6/16/2020,661.0,51.0,49.0,0.51,0.019443856101369696,B,D +0.4
Georgia,TargetSmart,6/03/2020,321.0,48.0,52.0,0.48,0.02788494384892937,B/C,D +5.3
Georgia,Civiqs,5/19/2020,1339.0,50.5,49.5,0.505,0.013663375378594063,0,0
Georgia,Public Opinion Strategies,5/12/2020,500.0,50.5,49.5,0.505,0.0223595617130569,0,0
Georgia,Cygnal,5/01/2020,591.0,49.5,50.5,0.495,0.02056622335644559,0,0
Georgia,Univ. of Georgia,3/04/2020,1117.0,46.0,54.0,0.46,0.01491245716483127,B/C,R +4.1
Georgia,Mason-Dixon,1/09/2020,625.0,46.5,53.5,0.465,0.019950939827486823,B+,R +0.7
Hawaii,MRG Research,10/16/2020,988.0,66.5,33.5,0.665,0.015016017089453822,0,0
Hawaii,Axios / SurveyMonkey,10/01/2020,474.0,66.5,33.5,0.665,0.02167924010376732,D-,D +5.6
Hawaii,MRG Research,8/05/2020,975.0,63.5,36.5,0.635,0.015418104576047885,0,0
Idaho,Axios / SurveyMonkey,10/17/2020,1364.0,40.0,60.0,0.4,0.013264730648561457,D-,D +5.6
Idaho,Spry Strategies,9/07/2020,600.0,37.0,63.0,0.37,0.019710403344427023,0,0
Illinois,Axios / SurveyMonkey,10/17/2020,7469.0,61.5,38.5,0.615,0.005630366855528603,D-,D +5.6
Illinois,Victory Research,9/28/2020,1208.0,56.5,43.5,0.565,0.01426380474585286,0,0
Indiana,SurveyUSA,10/14/2020,527.0,46.5,53.5,0.465,0.021726914726426568,0,0
Indiana,Change Research,9/10/2020,1033.0,43.0,57.0,0.43,0.015403573842614544,0,0
Indiana,Morning Consult,8/05/2020,900.0,41.5,58.5,0.415,0.016424067705656843,0,0
Indiana,Change Research,4/19/2020,1021.0,43.5,56.5,0.435,0.015515150094928777,0,0
Iowa,YouGov/CBS News,10/11/2020,1035.0,50.0,50.0,0.5,0.015541746804005229,B,D +0.4
Iowa,Quinnipiac,10/07/2020,1205.0,52.5,47.5,0.525,0.014385764055790699,B+,D +0.2
Iowa,Civiqs,10/07/2020,756.0,50.5,49.5,0.505,0.018183914922391214,0,0
Iowa,RABA Research,9/30/2020,780.0,51.0,49.0,0.51,0.01789929091848656,0,0
Iowa,Monmouth University,9/24/2020,402.0,47.0,53.0,0.47,0.024892805010555408,0,0
Iowa,NY Times / Siena College,9/24/2020,501.0,51.5,48.5,0.515,0.022328298059000756,A+,R +0.4
Iowa,Selzer & Company,9/22/2020,658.0,50.0,50.0,0.5,0.019492029389636262,A+,D +0.2
Iowa,Fabrizio Ward / Hart Research,9/10/2020,800.0,49.0,51.0,0.49,0.017674133642133636,0,0
Iowa,RMG Research,8/06/2020,500.0,49.5,50.5,0.495,0.0223595617130569,0,0
Iowa,Monmouth University,8/05/2020,401.0,48.5,51.5,0.485,0.0249575699789036,0,0
Iowa,Public Policy,7/28/2020,1118.0,49.5,50.5,0.495,0.014952967409415707,B,D +0.4
Iowa,Spry Strategies,7/22/2020,701.0,51.0,49.0,0.51,0.018880962039369103,0,0
Iowa,Selzer & Company,6/15/2020,674.0,49.5,50.5,0.495,0.019258317406188614,A+,D +0.2
Iowa,Civiqs,6/09/2020,865.0,50.0,50.0,0.5,0.017000510022951148,0,0
Iowa,Public Policy,6/05/2020,963.0,49.5,50.5,0.495,0.016111469183545505,B,D +0.4
Iowa,Public Policy,5/04/2020,1222.0,49.0,51.0,0.49,0.014300378258305112,B,D +0.4
Iowa,Selzer & Company,3/11/2020,667.0,45.0,55.0,0.45,0.019263033711389203,A+,D +0.2
Iowa,NY Times / Siena College,1/25/2020,1689.0,49.0,51.0,0.49,0.012163772902581553,A+,R +0.4
Iowa,Public Policy,1/08/2020,964.0,48.5,51.5,0.485,0.016096667266718153,B,D +0.4
Kansas,Axios / SurveyMonkey,10/17/2020,1972.0,46.5,53.5,0.465,0.011231814239721855,D-,D +5.6
Kansas,Civiqs,9/30/2020,677.0,45.0,55.0,0.45,0.019120236829741576,0,0
Kansas,SurveyUSA,8/12/2020,1202.0,46.5,53.5,0.465,0.014386366951963206,0,0
Kansas,Public Policy,8/07/2020,864.0,46.5,53.5,0.465,0.01696861891191436,B,D +0.4
Kansas,Civiqs,6/02/2020,699.0,44.0,56.0,0.44,0.01877507860270927,0,0
Kansas,Public Policy,3/12/2020,1567.0,44.0,56.0,0.44,0.012539662665219446,B,D +0.4
Kansas,DFM Research,2/10/2020,600.0,46.0,54.0,0.46,0.020346989949375806,0,0
Kentucky,Axios / SurveyMonkey,10/17/2020,2525.0,41.5,58.5,0.415,0.009805534908993243,D-,D +5.6
Kentucky,Quinnipiac,9/16/2020,1164.0,40.0,60.0,0.4,0.014359163172354762,B+,D +0.2
Kentucky,Quinnipiac,8/06/2020,909.0,45.5,54.5,0.455,0.016516651597039814,B+,D +0.2
Kentucky,Morning Consult,8/04/2020,793.0,38.0,62.0,0.38,0.01723657801565571,0,0
Kentucky,Spry Strategies,7/22/2020,600.0,37.0,63.0,0.37,0.019710403344427023,0,0
Kentucky,Civiqs,6/18/2020,898.0,40.0,60.0,0.4,0.016348106283743936,0,0
Kentucky,Public Policy,5/20/2020,1104.0,42.0,58.0,0.42,0.014854365483353487,B,D +0.4
Louisiana,Trafalgar Group,10/14/2020,1048.0,41.0,59.0,0.41,0.015192781532261397,0,0
Louisiana,Axios / SurveyMonkey,10/01/2020,2475.0,39.0,61.0,0.39,0.009804142600003946,D-,D +5.6
Louisiana,Trafalgar Group,8/24/2020,1002.0,42.0,58.0,0.42,0.01559210609427379,0,0
Maine,Pan Atlantic Research,10/15/2020,600.0,55.0,45.0,0.55,0.020310096011589902,0,0
Maine,Bangor Daily News,10/06/2020,466.0,55.5,44.5,0.555,0.02302149583294418,0,0
Maine,Colby College,9/25/2020,847.0,55.5,44.5,0.555,0.017075946752582956,0,0
Maine,Suffolk University,9/21/2020,500.0,56.0,44.0,0.56,0.02219909908081857,0,0
Maine,NY Times / Siena College,9/18/2020,663.0,58.5,41.5,0.585,0.01913573804660367,A+,R +0.4
Maine,Quinnipiac,9/16/2020,1183.0,60.5,39.5,0.605,0.014212938041687178,B+,D +0.2
Maine,Fabrizio Ward / Hart Research,9/10/2020,800.0,57.0,43.0,0.57,0.017503571064214296,0,0
Maine,Bangor Daily News,8/11/2020,500.0,54.0,46.0,0.54,0.022289010745208053,0,0
Maine,RMG Research,8/10/2020,500.0,55.5,44.5,0.555,0.022224985939253147,0,0
Maine,Quinnipiac,8/06/2020,807.0,57.5,42.5,0.575,0.01740169770521095,B+,D +0.2
Maine,Colby College,7/28/2020,888.0,56.0,44.0,0.56,0.016657655221473323,0,0
Maine,Public Policy,7/28/2020,962.0,55.5,44.5,0.555,0.01602282026457169,B,D +0.4
Maine,Public Policy,7/06/2020,1022.0,55.5,44.5,0.555,0.01554536949448795,B,D +0.4
Maine,Public Policy,3/05/2020,782.0,55.0,45.0,0.55,0.017790339054747226,B,D +0.4
Maryland,Goucher College,10/08/2020,776.0,65.5,34.5,0.655,0.01706472668715255,0,0
Maryland,Change Research,10/07/2020,650.0,64.5,35.5,0.645,0.018768836691953786,0,0
Maryland,OpinionWorks,9/25/2020,753.0,66.0,34.0,0.66,0.017262907290705412,0,0
Maryland,Gonzales Research,5/26/2020,810.0,62.0,38.0,0.62,0.01705474120386657,B/C,R +2.1
Maryland,Goucher College,2/25/2020,718.0,62.5,37.5,0.625,0.018067306844177726,0,0
Massachusetts,Axios / SurveyMonkey,10/17/2020,4077.0,70.0,30.0,0.7,0.007176939605743426,D-,D +5.6
Massachusetts,Axios / SurveyMonkey,10/01/2020,2655.0,67.0,33.0,0.67,0.009125614289361133,D-,D +5.6
Massachusetts,Emerson College,8/28/2020,763.0,69.0,31.0,0.69,0.01674337959186478,0,0
Massachusetts,UMass Amherst/WCVB,8/14/2020,500.0,66.5,33.5,0.665,0.021108055334397816,B/C,R +6.1
Massachusetts,WBUR,8/12/2020,501.0,68.0,32.0,0.68,0.020840617489060857,0,0
Massachusetts,MassINC,7/28/2020,797.0,66.0,34.0,0.66,0.016779625573263575,A/B,R +2.4
Massachusetts,Emerson College,5/07/2020,740.0,65.0,35.0,0.65,0.017533751236755712,0,0
Massachusetts,UMass Lowell,5/07/2020,1000.0,64.0,36.0,0.64,0.015178932768808221,A/B,R +0.8
Michigan,Hill-HarrisX,10/16/2020,1289.0,55.5,44.5,0.555,0.013842038038796677,0,0
Michigan,Trafalgar Group,10/16/2020,1025.0,49.5,50.5,0.495,0.015616595300528467,0,0
Michigan,RMG Research,10/15/2020,800.0,53.0,47.0,0.53,0.017645821035021294,0,0
Michigan,EPIC-MRA,10/14/2020,600.0,54.5,45.5,0.545,0.020329576155608032,0,0
Michigan,Ipsos/Reuters,10/13/2020,620.0,54.0,46.0,0.54,0.020016122533855617,B-,D +0.5
Michigan,Morning Consult,10/13/2020,1710.0,53.5,46.5,0.535,0.01206161084351302,0,0
Michigan,NY Times / Siena College,10/12/2020,614.0,54.0,46.0,0.54,0.020113683416677294,A+,R +0.4
Michigan,YouGov/CBS News,10/11/2020,1190.0,53.0,47.0,0.53,0.01446816267161926,B,D +0.4
Michigan,Baldwin Wallace Univ.,10/11/2020,1134.0,53.5,46.5,0.535,0.014811424876706052,C/D,D +8.3
Michigan,Redfield & Wilton,10/09/2020,700.0,54.0,46.0,0.54,0.01883765226500221,0,0
Michigan,Emerson College,10/08/2020,716.0,55.0,45.0,0.55,0.018592213183519935,0,0
Michigan,CNBC/Change Research,10/06/2020,676.0,54.0,46.0,0.54,0.019169131991349404,C-,D +1.6
Michigan,Ipsos/Reuters,10/06/2020,709.0,54.0,46.0,0.54,0.01871770844171064,B-,D +0.5
Michigan,Glengariff Group,10/05/2020,600.0,54.5,45.5,0.545,0.020329576155608032,0,0
Michigan,Redfield & Wilton,10/02/2020,785.0,54.5,45.5,0.545,0.017773342953570186,0,0
Michigan,Public Policy,10/02/2020,746.0,53.0,47.0,0.53,0.018273319597579458,B,D +0.4
Michigan,Trafalgar Group,9/30/2020,1042.0,51.0,49.0,0.51,0.015486357069314621,0,0
Michigan,NBC News/Marist,9/27/2020,799.0,54.0,46.0,0.54,0.017632033653650233,A+,R +0.4
Michigan,Trafalgar Group,9/24/2020,1015.0,49.5,50.5,0.495,0.015693335788714263,0,0
Michigan,Univ. of Wisconsin-Madison,9/24/2020,641.0,53.0,47.0,0.53,0.019713232724791196,B/C,D +4.1
Michigan,Baldwin Wallace Univ.,9/23/2020,1001.0,54.0,46.0,0.54,0.015752836193900076,C/D,D +8.3
Michigan,CNBC/Change Research,9/23/2020,568.0,54.0,46.0,0.54,0.02091229168842984,C-,D +1.6
Michigan,Ipsos/Reuters,9/22/2020,637.0,52.5,47.5,0.525,0.019785942395638283,B-,D +0.5
Michigan,MRG,9/22/2020,600.0,52.5,47.5,0.525,0.020386883037875114,B/C,R +5.5
Michigan,Redfield & Wilton,9/18/2020,930.0,55.0,45.0,0.55,0.01631346168837456,0,0
Michigan,EPIC-MRA,9/18/2020,600.0,54.0,46.0,0.54,0.020346989949375806,0,0
Michigan,Rasmussen Reports,9/10/2020,1000.0,54.0,46.0,0.54,0.015760710643876435,C+,R +1.6
Michigan,Benenson / GS Strategy,9/10/2020,1600.0,53.5,46.5,0.535,0.012469337392179265,B/C,D +3.8
Michigan,CNBC/Change Research,9/09/2020,876.0,53.0,47.0,0.53,0.016862998861222972,C-,D +1.6
Michigan,Redfield & Wilton,9/08/2020,967.0,55.5,44.5,0.555,0.01598134253445945,0,0
Michigan,Glengariff Group,9/08/2020,600.0,52.5,47.5,0.525,0.020386883037875114,0,0
Michigan,Public Policy,9/01/2020,897.0,52.0,48.0,0.52,0.01668115312456598,B,D +0.4
Michigan,Morning Consult,9/01/2020,,55.0,45.0,0.55,,0,0
Michigan,Trafalgar Group,8/28/2020,1048.0,49.0,51.0,0.49,0.015441962261101484,0,0
Michigan,CNBC/Change Research,8/26/2020,809.0,53.0,47.0,0.53,0.01754739300397908,C-,D +1.6
Michigan,Civiqs,8/21/2020,631.0,51.5,48.5,0.515,0.019895726591621574,0,0
Michigan,Redfield & Wilton,8/21/2020,812.0,56.0,44.0,0.56,0.017419766814227706,0,0
Michigan,CNBC/Change Research,8/12/2020,413.0,52.5,47.5,0.525,0.024572618080335555,C-,D +1.6
Michigan,Univ. of Wisconsin-Madison,8/10/2020,761.0,52.0,48.0,0.52,0.018110480046548343,B/C,D +4.1
Michigan,EPIC-MRA,8/07/2020,600.0,55.5,44.5,0.555,0.02028854356527348,0,0
Michigan,Public Policy,8/03/2020,876.0,53.0,47.0,0.53,0.016862998861222972,B,D +0.4
Michigan,Redfield & Wilton,7/30/2020,811.0,56.0,44.0,0.56,0.017430503189246514,0,0
Michigan,CNBC/Change Research,7/29/2020,413.0,52.0,48.0,0.52,0.024583700972613864,C-,D +1.6
Michigan,Morning Consult,7/28/2020,1320.0,55.0,45.0,0.55,0.013693063937629153,0,0
Michigan,YouGov/CBS News,7/26/2020,1177.0,53.0,47.0,0.53,0.014547843898909963,B,D +0.4
Michigan,CNN/SSRS,7/26/2020,927.0,56.0,44.0,0.56,0.016303486367811496,B+,D +0.0
Michigan,Gravis Marketing,7/23/2020,754.0,54.5,45.5,0.545,0.018135029924012468,0,0
Michigan,Fox News,7/23/2020,756.0,54.5,45.5,0.545,0.018111025903003376,A-,D +2.7
Michigan,Spry Strategies,7/22/2020,600.0,47.5,52.5,0.475,0.020386883037875114,0,0
Michigan,Public Policy,7/18/2020,1041.0,53.5,46.5,0.535,0.015458879171691484,B,D +0.4
Michigan,CNBC/Change Research,7/15/2020,824.0,53.0,47.0,0.53,0.017386944103053834,C-,D +1.6
Michigan,Public Policy,7/01/2020,1237.0,53.0,47.0,0.53,0.014190641022994426,B,D +0.4
Michigan,CNBC/Change Research,7/01/2020,699.0,52.5,47.5,0.525,0.01888808239743676,C-,D +1.6
Michigan,Redfield & Wilton,6/25/2020,826.0,55.5,44.5,0.555,0.017291651472712288,0,0
Michigan,NY Times / Siena College,6/25/2020,610.0,55.5,44.5,0.555,0.020121556827947678,A+,R +0.4
Michigan,Trafalgar Group,6/22/2020,1101.0,50.5,49.5,0.505,0.015067965912167615,0,0
Michigan,CNBC/Change Research,6/17/2020,353.0,51.0,49.0,0.51,0.02660699177531058,C-,D +1.6
Michigan,EPIC-MRA,6/16/2020,600.0,58.0,42.0,0.58,0.020149441679609883,0,0
Michigan,TIPP Battleground Poll,6/16/2020,862.0,56.5,43.5,0.565,0.01688555032401312,0,0
Michigan,EPIC-MRA,6/07/2020,600.0,56.0,44.0,0.56,0.020264912204760885,0,0
Michigan,CNBC/Change Research,6/03/2020,579.0,51.0,49.0,0.51,0.020775134599240994,C-,D +1.6
Michigan,Public Policy,6/01/2020,1582.0,53.0,47.0,0.53,0.012548263336758887,B,D +0.4
Michigan,Redfield & Wilton,5/21/2020,970.0,54.0,46.0,0.54,0.01600257711204055,0,0
Michigan,Change Research,5/21/2020,3070.0,51.5,48.5,0.515,0.009019974215784666,0,0
Michigan,Public Policy,5/20/2020,1234.0,53.0,47.0,0.53,0.014207880115428628,B,D +0.4
Michigan,Public Policy,4/30/2020,1270.0,54.0,46.0,0.54,0.013985369182867587,B,D +0.4
Michigan,Public Policy,4/23/2020,1277.0,53.5,46.5,0.535,0.013957509072699437,B,D +0.4
Michigan,Ipsos/Reuters,4/22/2020,612.0,54.0,46.0,0.54,0.02014652210534554,B-,D +0.5
Michigan,Fox News,4/22/2020,801.0,54.0,46.0,0.54,0.0176100073694068,A-,D +2.7
Michigan,Hart Research,4/13/2020,303.0,54.5,45.5,0.545,0.028607679736986594,0,0
Michigan,Public Policy,4/02/2020,1019.0,51.5,48.5,0.515,0.015656237176035207,B,D +0.4
Michigan,Baldwin Wallace Univ.,3/25/2020,997.0,52.5,47.5,0.525,0.015815352545181696,C/D,D +8.3
Michigan,MRG,3/25/2020,600.0,51.5,48.5,0.515,0.020403226868970177,B/C,R +5.5
Michigan,Yahoo/YouGov,3/09/2020,564.0,52.0,48.0,0.52,0.021036948245631105,B,D +0.4
Michigan,Monmouth University,3/09/2020,977.0,53.5,46.5,0.535,0.015957177854394104,0,0
Michigan,Expedition Strategies,2/24/2020,500.0,50.0,50.0,0.5,0.022360679774997897,0,0
Michigan,Univ. of Wisconsin-Madison,2/23/2020,1249.0,52.0,48.0,0.52,0.014136473106737692,B/C,D +4.1
Michigan,Quinnipiac,2/20/2020,845.0,52.0,48.0,0.52,0.01718675697694639,B+,D +0.2
Michigan,EPIC-MRA,1/15/2020,600.0,53.0,47.0,0.53,0.02037563904928301,0,0
Michigan,Glengariff Group,1/09/2020,600.0,53.5,46.5,0.535,0.020362342694297236,0,0
Minnesota,Morning Consult,10/13/2020,898.0,53.0,47.0,0.53,0.016655155638844094,0,0
Minnesota,SurveyUSA,10/07/2020,929.0,53.5,46.5,0.535,0.016364227571927563,0,0
Minnesota,Mason-Dixon,9/26/2020,800.0,53.0,47.0,0.53,0.017645821035021294,B+,R +0.7
Minnesota,Suffolk University,9/25/2020,500.0,53.5,46.5,0.535,0.022305828834634233,0,0
Minnesota,Redfield & Wilton,9/20/2020,718.0,54.5,45.5,0.545,0.018584108285843157,0,0
Minnesota,ABC News / Wash. Post,9/16/2020,615.0,58.0,42.0,0.58,0.0199021999029155,A+,D +0.8
Minnesota,Morning Consult,9/15/2020,643.0,52.0,48.0,0.52,0.019702294393156038,0,0
Minnesota,YouGov/CBS News,9/13/2020,1087.0,54.5,45.5,0.545,0.01510390263756373,B,D +0.4
Minnesota,NY Times / Siena College,9/12/2020,814.0,54.5,45.5,0.545,0.01745387040566052,A+,R +0.4
Minnesota,SurveyUSA,9/09/2020,553.0,54.5,45.5,0.545,0.02117587593274449,0,0
Minnesota,Public Policy,9/04/2020,877.0,54.0,46.0,0.54,0.01682968545245972,B,D +0.4
Minnesota,Morning Consult,9/01/2020,,53.5,46.5,0.535,,0,0
Minnesota,Trafalgar Group,8/20/2020,1141.0,50.0,50.0,0.5,0.014802231160433424,0,0
Minnesota,Emerson College,8/11/2020,733.0,51.5,48.5,0.515,0.018459608943488512,0,0
Minnesota,Public Policy,7/31/2020,1218.0,55.0,45.0,0.55,0.014254892859763968,B,D +0.4
Minnesota,Morning Consult,7/28/2020,662.0,51.5,48.5,0.515,0.01942430501659309,0,0
Minnesota,Trafalgar Group,7/27/2020,1129.0,52.5,47.5,0.525,0.014862076264593618,0,0
Minnesota,Fox News,7/23/2020,776.0,56.5,43.5,0.565,0.017796639031703212,A-,D +2.7
Minnesota,Gravis Marketing,6/19/2020,600.0,58.5,41.5,0.585,0.020115292689891442,0,0
Minnesota,Mason-Dixon,5/24/2020,800.0,52.5,47.5,0.525,0.017655558614781918,B+,R +0.7
Mississippi,Axios / SurveyMonkey,10/17/2020,1290.0,40.0,60.0,0.4,0.013639886789409469,D-,D +5.6
Mississippi,Axios / SurveyMonkey,10/01/2020,782.0,44.5,55.5,0.445,0.01777146049665427,D-,D +5.6
Mississippi,Millsaps College,6/16/2020,568.0,45.5,54.5,0.455,0.020894394086102427,0,0
Mississippi,Millsaps College,4/20/2020,508.0,44.5,55.5,0.445,0.022049291595026804,0,0
Mississippi,Mason-Dixon,3/05/2020,625.0,42.5,57.5,0.425,0.019773719933285187,B+,R +0.7
Missouri,SLU/YouGov,10/13/2020,931.0,45.5,54.5,0.455,0.016320336499553147,C/D,D +8.5
Missouri,Remington Research,10/03/2020,980.0,47.5,52.5,0.475,0.015951936738662353,C-,D +2.0
Missouri,Remington Research,9/19/2020,1046.0,46.0,54.0,0.46,0.015410259550909137,C-,D +2.0
Missouri,We Ask America,9/08/2020,500.0,47.5,52.5,0.475,0.022332711434127295,0,0
Missouri,Trafalgar Group,8/31/2020,1015.0,44.5,55.5,0.445,0.015598882112276806,0,0
Missouri,SLU/YouGov,7/13/2020,900.0,46.5,53.5,0.465,0.016625783189572352,C/D,D +8.5
Missouri,Remington Research,6/13/2020,1152.0,46.0,54.0,0.46,0.014684175155588414,C-,D +2.0
Missouri,We Ask America,5/28/2020,500.0,48.0,52.0,0.48,0.022342784070030305,0,0
Missouri,Remington Research,3/01/2020,1050.0,45.0,55.0,0.45,0.01535298947157477,C-,D +2.0
Montana,Montana State U.,10/14/2020,1607.0,46.5,53.5,0.465,0.012442149893161869,B/C,D +3.0
Montana,Public Policy,10/12/2020,798.0,47.0,53.0,0.47,0.01766791975505826,B,D +0.4
Montana,Emerson College,10/07/2020,500.0,43.5,56.5,0.435,0.02217092690890482,0,0
Montana,NY Times / Siena College,9/20/2020,625.0,46.5,53.5,0.465,0.019950939827486823,A+,R +0.4
Montana,Fabrizio Ward / Hart Research,9/10/2020,800.0,46.5,53.5,0.465,0.017634306053825877,0,0
Montana,Expedition Strategies,9/01/2020,400.0,48.0,52.0,0.48,0.024979991993593593,0,0
Montana,Emerson College,8/03/2020,584.0,44.5,55.5,0.445,0.020564590860512492,0,0
Montana,Public Policy,7/28/2020,917.0,47.5,52.5,0.475,0.016490802433038125,B,D +0.4
Montana,Spry Strategies,7/22/2020,700.0,45.0,55.0,0.45,0.018803495115840264,0,0
Montana,Civiqs,7/14/2020,873.0,48.0,52.0,0.48,0.01690889271717584,0,0
Montana,Public Policy,7/13/2020,1224.0,45.5,54.5,0.455,0.01423355030371432,B,D +0.4
Montana,U. of Montana Big Sky Poll,7/02/2020,517.0,43.0,57.0,0.43,0.021773406667561813,0,0
Montana,Montana State U.,5/05/2020,459.0,47.5,52.5,0.475,0.023308810643075963,B/C,D +3.0
Montana,U. of Montana Big Sky Poll,2/26/2020,498.0,39.0,61.0,0.39,0.021856597250567024,0,0
Nebraska,Axios / SurveyMonkey,10/17/2020,1292.0,46.0,54.0,0.46,0.013865787461212028,D-,D +5.6
Nebraska,Axios / SurveyMonkey,10/01/2020,799.0,42.0,58.0,0.42,0.01746084480707394,D-,D +5.6
Nevada,WPA Intelligence,10/13/2020,512.0,51.0,49.0,0.51,0.022092667052667048,B/C,R +2.1
Nevada,YouGov/CBS News,10/11/2020,1036.0,53.0,47.0,0.53,0.01550625729968439,B,D +0.4
Nevada,NY Times / Siena College,10/07/2020,660.0,53.0,47.0,0.53,0.019427409565462978,A+,R +0.4
Nevada,Qualtrics,9/28/2020,641.0,52.5,47.5,0.525,0.019724111174460178,0,0
Nevada,Fox News,9/24/2020,810.0,55.5,44.5,0.555,0.017461598077135074,A-,D +2.7
Nevada,NY Times / Siena College,9/12/2020,462.0,52.0,48.0,0.52,0.023243488125919056,A+,R +0.4
Nevada,Qualtrics,9/01/2020,682.0,52.5,47.5,0.525,0.019122042063247892,0,0
Nevada,Anzalone Liszt Grove,5/06/2020,763.0,52.0,48.0,0.52,0.018086728587087327,0,0
Nevada,Fox News,1/09/2020,1505.0,54.0,46.0,0.54,0.012847172213644651,A-,D +2.7
New Hampshire,Suffolk University,10/14/2020,500.0,55.0,45.0,0.55,0.022248595461286987,0,0
New Hampshire,Univ. of New Hampshire,10/13/2020,899.0,56.0,44.0,0.56,0.01655543154622883,B-,D +3.7
New Hampshire,St. Anselm College,10/08/2020,1147.0,56.0,44.0,0.56,0.014656782487496666,0,0
New Hampshire,Emerson College,10/01/2020,700.0,53.5,46.5,0.535,0.01885186614483715,0,0
New Hampshire,Univ. of New Hampshire,9/30/2020,972.0,54.5,45.5,0.545,0.015972423509198648,B-,D +3.7
New Hampshire,American Research Group,9/29/2020,600.0,54.5,45.5,0.545,0.020329576155608032,0,0
New Hampshire,UMass Lowell,9/29/2020,657.0,54.5,45.5,0.545,0.01942769445982598,A/B,R +0.8
New Hampshire,NY Times / Siena College,9/12/2020,445.0,51.5,48.5,0.515,0.023691604733142514,A+,R +0.4
New Hampshire,St. Anselm College,8/20/2020,1042.0,54.0,46.0,0.54,0.015439809452545136,0,0
New Hampshire,Univ. of New Hampshire,7/30/2020,1893.0,56.5,43.5,0.565,0.011394454680428647,B-,D +3.7
New Hampshire,St. Anselm College,6/18/2020,1072.0,53.5,46.5,0.535,0.015233720206938408,0,0
New Hampshire,St. Anselm College,4/29/2020,820.0,54.0,46.0,0.54,0.017404793284273523,0,0
New Hampshire,Granite State Poll,2/27/2020,576.0,49.0,51.0,0.49,0.020829166249916646,0,0
New Hampshire,NBC News/Marist,1/26/2020,2223.0,54.0,46.0,0.54,0.010570756391491534,A+,R +0.4
New Jersey,Stockton University,10/16/2020,721.0,60.0,40.0,0.6,0.01824475301237764,0,0
New Jersey,Fairleigh Dickinson,10/09/2020,582.0,57.5,42.5,0.575,0.020491176543849375,A/B,D +0.1
New Jersey,Emerson College,9/08/2020,500.0,58.5,41.5,0.585,0.022035199114144623,0,0
New Jersey,Rutgers-Eagleton,5/14/2020,689.0,61.5,38.5,0.615,0.018537805094099503,B/C,R +0.1
New Jersey,Quinnipiac,5/06/2020,941.0,59.5,40.5,0.595,0.016002623323731417,B+,D +0.2
New Jersey,Monmouth University,4/23/2020,635.0,58.0,42.0,0.58,0.019586271907744323,0,0
New Jersey,Fairleigh Dickinson,2/18/2020,715.0,59.0,41.0,0.59,0.018393522727353735,A/B,D +0.1
New Mexico,Public Policy,10/06/2020,886.0,57.0,43.0,0.57,0.0166323951627166,B,D +0.4
New Mexico,Albuquerque Journal,9/06/2020,1123.0,57.5,42.5,0.575,0.014751578993921002,0,0
New Mexico,Public Policy,6/16/2020,740.0,57.0,43.0,0.57,0.018199346587617266,B,D +0.4
New Mexico,Public Policy,4/24/2020,1009.0,56.0,44.0,0.56,0.01562696964790712,B,D +0.4
New Mexico,Emerson College,1/06/2020,967.0,54.0,46.0,0.54,0.01602738091475199,0,0
New York,Siena College,10/02/2020,504.0,66.0,34.0,0.66,0.02110066575343288,0,0
New York,Public Policy,8/25/2020,1029.0,65.5,34.5,0.655,0.014819123253221463,B,D +0.4
New York,Siena College,6/30/2020,806.0,62.5,37.5,0.625,0.017052502490575012,0,0
New York,Siena College,5/27/2020,796.0,62.5,37.5,0.625,0.017159281883979565,0,0
New York,Quinnipiac,5/06/2020,915.0,61.5,38.5,0.615,0.016086344886371135,B+,D +0.2
New York,Siena College,4/27/2020,803.0,68.0,32.0,0.68,0.016461585911139852,0,0
New York,Siena College,3/30/2020,566.0,62.5,37.5,0.625,0.02034920406323223,0,0
New York,Siena College,2/24/2020,658.0,59.5,40.5,0.595,0.019136964342740443,0,0
North Carolina,Emerson College,10/15/2020,721.0,50.0,50.0,0.5,0.018620973068096465,0,0
North Carolina,Civiqs,10/15/2020,1211.0,52.5,47.5,0.525,0.014350082072633922,0,0
North Carolina,NY Times / Siena College,10/14/2020,627.0,52.0,48.0,0.52,0.01995209573959372,A+,R +0.4
North Carolina,Susquehanna,10/14/2020,500.0,51.0,49.0,0.51,0.022356207191739835,C,D +1.7
North Carolina,SurveyUSA,10/13/2020,669.0,52.5,47.5,0.525,0.01930693780830177,0,0
North Carolina,Ipsos/Reuters,10/13/2020,660.0,50.5,49.5,0.505,0.019461500456028565,B-,D +0.5
North Carolina,Monmouth University,10/13/2020,500.0,51.5,48.5,0.515,0.02235061520406094,0,0
North Carolina,Morning Consult,10/13/2020,1993.0,52.0,48.0,0.52,0.011190993439797629,0,0
North Carolina,Redfield & Wilton,10/09/2020,938.0,52.5,47.5,0.525,0.016305158967493197,0,0
North Carolina,CNBC/Change Research,10/06/2020,396.0,51.0,49.0,0.51,0.02512091968978457,C-,D +1.6
North Carolina,Ipsos/Reuters,10/06/2020,693.0,50.0,50.0,0.5,0.018993429409939658,B-,D +0.5
North Carolina,East Carolina Univ.,10/06/2020,1232.0,52.0,48.0,0.52,0.014233671437735332,B/C,
North Carolina,Public Policy,10/05/2020,911.0,52.0,48.0,0.52,0.016552481151544268,B,D +0.4
North Carolina,Redfield & Wilton,10/02/2020,1097.0,51.0,49.0,0.51,0.015093147430602277,0,0
North Carolina,UMass Lowell,9/29/2020,921.0,49.5,50.5,0.495,0.01647473635937004,A/B,R +0.8
North Carolina,Meredith College,9/28/2020,705.0,50.5,49.5,0.505,0.018830147850856255,0,0
North Carolina,YouGov/CBS News,9/27/2020,1194.0,51.0,49.0,0.51,0.014467082719472517,B,D +0.4
North Carolina,Civitas,9/23/2020,612.0,49.5,50.5,0.495,0.02021029149599137,0,0
North Carolina,CNBC/Change Research,9/23/2020,579.0,51.0,49.0,0.51,0.020775134599240994,C-,D +1.6
North Carolina,Ipsos/Reuters,9/22/2020,586.0,50.0,50.0,0.5,0.02065480961930069,B-,D +0.5
North Carolina,Emerson College,9/20/2020,717.0,50.5,49.5,0.505,0.01867190850888084,0,0
North Carolina,Redfield & Wilton,9/18/2020,1092.0,51.0,49.0,0.51,0.015127661876382413,0,0
North Carolina,NY Times / Siena College,9/18/2020,653.0,50.5,49.5,0.505,0.0195655336548112,A+,R +0.4
North Carolina,Kaiser Family Foundation,9/17/2020,1172.0,51.0,49.0,0.51,0.014602234622573911,0,0
North Carolina,Suffolk University,9/17/2020,500.0,51.5,48.5,0.515,0.02235061520406094,0,0
North Carolina,CNN/SSRS,9/15/2020,787.0,51.5,48.5,0.515,0.017815052955773854,B+,D +0.0
North Carolina,SurveyUSA,9/14/2020,596.0,50.0,50.0,0.5,0.02048079801297601,0,0
North Carolina,Trafalgar Group,9/14/2020,1046.0,49.0,51.0,0.49,0.01545671808124908,0,0
North Carolina,Rasmussen Reports,9/11/2020,1000.0,49.0,51.0,0.49,0.0158082257068907,C+,R +1.6
North Carolina,Benenson / GS Strategy,9/10/2020,1600.0,50.0,50.0,0.5,0.0125,B/C,D +3.8
North Carolina,CNBC/Change Research,9/09/2020,442.0,51.0,49.0,0.51,0.02377781771703651,C-,D +1.6
North Carolina,Redfield & Wilton,9/08/2020,951.0,49.5,50.5,0.495,0.016212800177326105,0,0
North Carolina,Monmouth University,9/03/2020,401.0,51.0,49.0,0.51,0.024963814210775658,0,0
North Carolina,Fox News,9/02/2020,722.0,52.0,48.0,0.52,0.01859318077121652,A-,D +2.7
North Carolina,East Carolina Univ.,9/01/2020,1101.0,49.0,51.0,0.49,0.015065705321664733,B/C,
North Carolina,Morning Consult,9/01/2020,,51.0,49.0,0.51,,0,0
North Carolina,CNBC/Change Research,8/26/2020,560.0,50.5,49.5,0.505,0.021127799898982114,C-,D +1.6
North Carolina,Morning Consult,8/24/2020,1541.0,51.5,48.5,0.515,0.012731312092336454,0,0
North Carolina,Redfield & Wilton,8/21/2020,967.0,49.0,51.0,0.49,0.016075699929758713,0,0
North Carolina,East Carolina Univ.,8/16/2020,1255.0,50.0,50.0,0.5,0.014113935923440917,B/C,
North Carolina,Civitas,8/13/2020,600.0,50.5,49.5,0.505,0.020411393876950196,0,0
North Carolina,CNBC/Change Research,8/12/2020,491.0,49.5,50.5,0.495,0.022563555857912927,C-,D +1.6
North Carolina,Emerson College,8/11/2020,673.0,49.0,51.0,0.49,0.01926972851002125,0,0
North Carolina,YouGov/CBS News,8/02/2020,1129.0,52.0,48.0,0.52,0.01486877944899725,B,D +0.4
North Carolina,Redfield & Wilton,7/30/2020,919.0,50.5,49.5,0.505,0.016492653424327233,0,0
North Carolina,Cardinal Point Analytics,7/29/2020,735.0,49.5,50.5,0.495,0.018441855677136357,0,0
North Carolina,CNBC/Change Research,7/29/2020,284.0,51.5,48.5,0.515,0.029656187155798,C-,D +1.6
North Carolina,Public Policy,7/28/2020,884.0,51.5,48.5,0.515,0.016809250577505694,B,D +0.4
North Carolina,Morning Consult,7/28/2020,1504.0,50.0,50.0,0.5,0.012892765578234917,0,0
North Carolina,NBC News/Marist,7/27/2020,882.0,53.5,46.5,0.535,0.016794577194119885,A+,R +0.4
North Carolina,Spry Strategies,7/22/2020,600.0,48.5,51.5,0.485,0.020403226868970177,0,0
North Carolina,Cardinal Point Analytics,7/20/2020,547.0,49.5,50.5,0.495,0.02137738729091421,0,0
North Carolina,CNBC/Change Research,7/15/2020,655.0,50.5,49.5,0.505,0.01953563977386064,C-,D +1.6
North Carolina,Public Policy,7/09/2020,818.0,52.0,48.0,0.52,0.017468098761102432,B,D +0.4
North Carolina,CNBC/Change Research,7/01/2020,468.0,53.5,46.5,0.535,0.023055812994134752,C-,D +1.6
North Carolina,East Carolina Univ.,6/30/2020,1149.0,50.5,49.5,0.505,0.014749872770173051,B/C,
North Carolina,Fox News,6/25/2020,1012.0,51.0,49.0,0.51,0.015714221549070786,A-,D +2.7
North Carolina,Redfield & Wilton,6/25/2020,902.0,53.0,47.0,0.53,0.01661818521447563,0,0
North Carolina,NY Times / Siena College,6/25/2020,653.0,54.5,45.5,0.545,0.01948710650818268,A+,R +0.4
North Carolina,Public Policy,6/24/2020,1157.0,51.0,49.0,0.51,0.014696585601736851,B,D +0.4
North Carolina,Gravis Marketing,6/20/2020,631.0,48.5,51.5,0.485,0.019895726591621574,0,0
North Carolina,CNBC/Change Research,6/17/2020,378.0,51.0,49.0,0.51,0.025712081034235855,C-,D +1.6
North Carolina,Public Policy,6/04/2020,949.0,52.0,48.0,0.52,0.016217697081587663,B,D +0.4
North Carolina,CNBC/Change Research,6/03/2020,620.0,50.5,49.5,0.505,0.020079479173299483,C-,D +1.6
North Carolina,Civitas,6/03/2020,500.0,48.5,51.5,0.485,0.02235061520406094,0,0
North Carolina,Meeting Street Insights,5/26/2020,500.0,50.0,50.0,0.5,0.022360679774997897,B/C,D +2.6
North Carolina,Redfield & Wilton,5/21/2020,859.0,51.0,49.0,0.51,0.017056367551139984,0,0
North Carolina,East Carolina Univ.,5/15/2020,1111.0,48.5,51.5,0.485,0.014993998199219573,B/C,
North Carolina,Civiqs,5/05/2020,1362.0,51.5,48.5,0.515,0.013542097304798413,0,0
North Carolina,Meredith College,5/01/2020,604.0,53.5,46.5,0.535,0.020294805716558305,0,0
North Carolina,Garin-Hart-Yang,4/29/2020,800.0,51.5,48.5,0.515,0.01766971278770541,B/C,D +3.2
North Carolina,SurveyUSA,4/28/2020,580.0,52.5,47.5,0.525,0.020735402010853905,0,0
North Carolina,Public Policy,4/23/2020,1275.0,51.5,48.5,0.515,0.013996498161480025,B,D +0.4
North Carolina,Public Policy,4/16/2020,1318.0,50.5,49.5,0.505,0.013771796078328536,B,D +0.4
North Carolina,Civitas,4/15/2020,500.0,46.5,53.5,0.465,0.022305828834634233,0,0
North Carolina,East Carolina Univ.,3/01/2020,1288.0,51.0,49.0,0.51,0.013929168644626096,B/C,
North Carolina,NBC News/Marist,3/01/2020,1733.0,52.0,48.0,0.52,0.012001154012600638,A+,R +0.4
North Dakota,Axios / SurveyMonkey,10/17/2020,457.0,40.0,60.0,0.4,0.022916459451354128,D-,D +5.6
North Dakota,DFM Research,9/29/2020,500.0,40.5,59.5,0.405,0.02195335965177084,0,0
North Dakota,DFM Research,3/09/2020,400.0,41.5,58.5,0.415,0.024636101558485262,0,0
North Dakota,DFM Research,2/06/2020,600.0,40.5,59.5,0.405,0.02004058382383108,0,0
Ohio,Quinnipiac,10/14/2020,1160.0,50.5,49.5,0.505,0.014679771444241645,B+,D +0.2
Ohio,Morning Consult,10/13/2020,2283.0,48.5,51.5,0.485,0.010459755384243177,0,0
Ohio,Baldwin Wallace Univ.,10/11/2020,1009.0,49.0,51.0,0.49,0.01573756529288661,C/D,D +8.3
Ohio,NY Times / Siena College,10/07/2020,661.0,50.5,49.5,0.505,0.01944677362799747,A+,R +0.4
Ohio,Trafalgar Group,10/05/2020,1035.0,48.0,52.0,0.48,0.015529308429220378,0,0
Ohio,YouGov/CBS News,10/04/2020,1114.0,50.0,50.0,0.5,0.014980537942799495,B,D +0.4
Ohio,Fox News,9/24/2020,830.0,52.5,47.5,0.525,0.01733354572004573,A-,D +2.7
Ohio,Quinnipiac,9/24/2020,1085.0,50.5,49.5,0.505,0.015178659528071787,B+,D +0.2
Ohio,Baldwin Wallace Univ.,9/23/2020,1011.0,50.5,49.5,0.505,0.015724350316573918,C/D,D +8.3
Ohio,Rasmussen Reports,9/08/2020,1000.0,52.0,48.0,0.52,0.0157987341265052,C+,R +1.6
Ohio,Morning Consult,9/01/2020,,47.5,52.5,0.475,,0,0
Ohio,Civiqs,8/21/2020,637.0,50.0,50.0,0.5,0.019810721293758184,0,0
Ohio,Morning Consult,7/28/2020,1741.0,48.5,51.5,0.485,0.011977745974158991,0,0
Ohio,YouGov/CBS News,7/26/2020,1227.0,49.5,50.5,0.495,0.014273353017317558,B,D +0.4
Ohio,Your Voice Ohio,7/15/2020,1037.0,52.0,48.0,0.52,0.015514325976692951,0,0
Ohio,Quinnipiac,6/24/2020,1139.0,50.5,49.5,0.505,0.01481448049406536,B+,D +0.2
Ohio,Fox News,6/03/2020,803.0,51.0,49.0,0.51,0.017641087554685502,A-,D +2.7
Ohio,Emerson College,5/11/2020,725.0,48.5,51.5,0.485,0.01856117564647537,0,0
Ohio,Baldwin Wallace Univ.,4/27/2020,797.0,50.5,49.5,0.505,0.0177100231068219,C/D,D +8.3
Ohio,Baldwin Wallace Univ.,3/25/2020,1025.0,48.0,52.0,0.48,0.015604877286347086,C/D,D +8.3
Ohio,NBC News/Marist,3/16/2020,1710.0,52.0,48.0,0.52,0.012081593946193596,A+,R +0.4
Oklahoma,Axios / SurveyMonkey,10/17/2020,2015.0,41.0,59.0,0.41,0.010956716104360982,D-,D +5.6
Oklahoma,Amber Integrated,9/24/2020,500.0,39.0,61.0,0.39,0.02181284025522582,0,0
Oklahoma,Sooner Poll,9/09/2020,486.0,37.5,62.5,0.375,0.02196026152894708,B/C,D +5.4
Oklahoma,Amber Integrated,6/08/2020,500.0,40.5,59.5,0.405,0.02195335965177084,0,0
Oklahoma,Amber Integrated,3/12/2020,500.0,38.0,62.0,0.38,0.021707141681944216,0,0
Oklahoma,Sooner Survey,2/18/2020,500.0,36.0,64.0,0.36,0.02146625258399798,B/C,D +5.4
Oregon,Axios / SurveyMonkey,10/17/2020,3444.0,61.0,39.0,0.61,0.008311236674061497,D-,D +5.6
Oregon,Civiqs,9/30/2020,944.0,58.5,41.5,0.585,0.01603673616356087,0,0
Oregon,DHM Research,9/11/2020,502.0,56.0,44.0,0.56,0.0221548336348178,0,0
Pennsylvania,Hill-HarrisX,10/16/2020,992.0,52.5,47.5,0.525,0.015855159687296668,0,0
Pennsylvania,InsiderAdvantage,10/15/2020,400.0,51.5,48.5,0.515,0.024988747467610296,B-,D +1.8
Pennsylvania,RMG Research,10/14/2020,800.0,53.0,47.0,0.53,0.017645821035021294,0,0
Pennsylvania,Trafalgar Group,10/13/2020,1034.0,51.0,49.0,0.51,0.015546150176162798,0,0
Pennsylvania,Morning Consult,10/13/2020,2610.0,54.0,46.0,0.54,0.009755634976417652,0,0
Pennsylvania,Ipsos/Reuters,10/12/2020,622.0,53.5,46.5,0.535,0.01999899515160587,B-,D +0.5
Pennsylvania,Baldwin Wallace Univ.,10/11/2020,1140.0,52.5,47.5,0.525,0.014790199457749039,C/D,D +8.3
Pennsylvania,Redfield & Wilton,10/09/2020,927.0,53.5,46.5,0.535,0.016381870949097366,0,0
Pennsylvania,Quinnipiac,10/07/2020,1211.0,56.5,43.5,0.565,0.014246125989116143,B+,D +0.2
Pennsylvania,CNBC/Change Research,10/06/2020,468.0,52.0,48.0,0.52,0.023094010767585032,C-,D +1.6
Rhode Island,Axios / SurveyMonkey,10/17/2020,580.0,68.5,31.5,0.685,0.019287971953239808,D-,D +5.6
Rhode Island,Axios / SurveyMonkey,10/01/2020,351.0,62.5,37.5,0.625,0.025840569706085094,D-,D +5.6
South Carolina,NY Times / Siena College,10/15/2020,605.0,46.0,54.0,0.46,0.020262737041098232,A+,R +0.4
South Carolina,Morning Consult,10/13/2020,903.0,44.0,56.0,0.44,0.016518723227122115,0,0
South Carolina,Quinnipiac,9/30/2020,1123.0,49.5,50.5,0.495,0.014919642279044071,B+,D +0.2
South Carolina,YouGov/CBS News,9/27/2020,1065.0,45.0,55.0,0.45,0.01524448641959391,B,D +0.4
South Carolina,Morning Consult,9/22/2020,764.0,47.0,53.0,0.47,0.018056774917433294,0,0
South Carolina,Quinnipiac,9/16/2020,969.0,47.0,53.0,0.47,0.01603337592170945,B+,D +0.2
South Carolina,Quinnipiac,8/06/2020,914.0,47.5,52.5,0.475,0.01651784394193604,B+,D +0.2
South Carolina,Morning Consult,8/04/2020,741.0,47.5,52.5,0.475,0.01834498464263357,0,0
South Carolina,Gravis Marketing,7/18/2020,604.0,48.0,52.0,0.48,0.02032842918458243,0,0
South Carolina,Civiqs,5/27/2020,591.0,45.0,55.0,0.45,0.020464157101828674,0,0
South Dakota,Axios / SurveyMonkey,10/17/2020,723.0,45.0,55.0,0.45,0.018501990472710828,D-,D +5.6
South Dakota,Axios / SurveyMonkey,10/01/2020,354.0,41.5,58.5,0.415,0.026187880493574938,D-,D +5.6
Tennessee,Axios / SurveyMonkey,10/17/2020,3644.0,41.0,59.0,0.41,0.008147582187339453,D-,D +5.6
Tennessee,Axios / SurveyMonkey,10/01/2020,2329.0,41.5,58.5,0.415,0.010209800055571759,D-,D +5.6
Tennessee,Vanderbilt University,6/09/2020,1000.0,45.5,54.5,0.455,0.015747221977225064,0,0
Tennessee,East Tennessee State,5/19/2020,536.0,41.5,58.5,0.415,0.021282350265791155,B/C,D +9.9
Tennessee,Mason-Dixon,2/06/2020,625.0,42.0,58.0,0.42,0.019742340286804907,B+,R +0.7
Texas,Morning Consult,10/13/2020,3455.0,49.0,51.0,0.49,0.00850470202797605,0,0
Texas,Univ. of Texas / Texas Tribune,10/09/2020,908.0,47.5,52.5,0.475,0.016572328456936323,B/C,R +4.1
Texas,Crosswind Media,10/08/2020,1000.0,46.5,53.5,0.465,0.01577260282895629,0,0
Texas,Civiqs,10/07/2020,895.0,50.0,50.0,0.5,0.01671315676162189,0,0
Texas,UMass Lowell,9/29/2020,882.0,48.0,52.0,0.48,0.01682240165014828,A/B,R +0.8
Texas,Quinnipiac,9/24/2020,1078.0,47.5,52.5,0.475,0.015209574906326895,B+,D +0.2
Texas,NY Times / Siena College,9/24/2020,653.0,48.5,51.5,0.485,0.019557705092467275,A+,R +0.4
Texas,YouGov/CBS News,9/20/2020,1140.0,49.0,51.0,0.49,0.014805759903354825,B,D +0.4
Texas,Public Policy,9/08/2020,743.0,49.5,50.5,0.495,0.018342303772198344,B,D +0.4
Texas,UT Tyler,9/06/2020,901.0,49.0,51.0,0.49,0.016654083300081026,B/C,R +4.1
Utah,Y2 Analytics,10/05/2020,1214.0,45.0,55.0,0.45,0.01427835771985969,0,0
Utah,Hinckley-Deseret News,9/17/2020,1000.0,41.0,59.0,0.41,0.01555313473226539,0,0
Utah,Hinckley-Deseret News,8/07/2020,1000.0,40.5,59.5,0.405,0.015523369479594306,0,0
Utah,Y2 Analytics,5/26/2020,1078.0,48.5,51.5,0.485,0.015221768174068461,0,0
Utah,Hinckley-Deseret News,4/29/2020,964.0,40.5,59.5,0.405,0.015810568186818634,0,0
Utah,Y2 Analytics,4/13/2020,1266.0,47.5,52.5,0.475,0.014034909083630788,0,0
Utah,Hinckley-Deseret News,3/05/2020,1000.0,41.5,58.5,0.415,0.015581238718407466,0,0
Utah,Hinckley-Deseret News,1/31/2020,1017.0,41.0,59.0,0.41,0.01542259512894337,0,0
Vermont,Axios / SurveyMonkey,10/17/2020,651.0,67.5,32.5,0.675,0.018357057684179032,D-,D +5.6
Vermont,Vermont Public Radio,9/22/2020,604.0,62.0,38.0,0.62,0.019750094307763772,0,0
Virginia,Roanoke College,10/15/2020,602.0,57.5,42.5,0.575,0.02014791647307433,0,0
Virginia,Civiqs,10/15/2020,1231.0,56.5,43.5,0.565,0.014129923999581743,0,0
Virginia,Christopher Newport Univ.,9/24/2020,796.0,52.5,47.5,0.525,0.01769986372488209,B/C,D +2.7
Virginia,VCU,9/15/2020,693.0,57.0,43.0,0.57,0.01880637268799206,B/C,R +1.9
Virginia,Roanoke College,8/26/2020,566.0,57.0,43.0,0.57,0.020809585994390915,0,0
Virginia,VCU,7/30/2020,725.0,55.5,44.5,0.555,0.018456846220679012,B/C,R +1.9
Virginia,Morning Consult,7/28/2020,1156.0,55.5,44.5,0.555,0.014616640987984425,0,0
Virginia,Roanoke College,5/19/2020,563.0,56.0,44.0,0.56,0.020920215520083666,0,0
Virginia,VCU,4/14/2020,663.0,55.0,45.0,0.55,0.019321055028667933,B/C,R +1.9
Virginia,Hampton University,3/02/2020,768.0,53.5,46.5,0.535,0.017997938249977412,0,0
Washington,SurveyUSA,10/12/2020,591.0,60.5,39.5,0.605,0.020108630535086568,0,0
Washington,Strategies 360,9/22/2020,501.0,61.0,39.0,0.61,0.021791060079794134,0,0
Washington,SurveyUSA,7/28/2020,534.0,67.0,33.0,0.67,0.020348094353531604,0,0
Washington,Public Policy,5/22/2020,1070.0,61.0,39.0,0.61,0.014910950626909433,B,D +0.4
Washington,SurveyUSA,5/21/2020,530.0,63.0,37.0,0.63,0.02097167901610925,0,0
Washington,EMC Research,4/20/2020,583.0,56.5,43.5,0.565,0.02053215693169087,0,0
West Virginia,Research America,10/13/2020,450.0,43.0,57.0,0.43,0.02333809475228573,B/C,D +1.7
West Virginia,Triton Polling,10/06/2020,525.0,41.0,59.0,0.41,0.021465365237095427,0,0
West Virginia,Axios / SurveyMonkey,10/01/2020,516.0,37.0,63.0,0.37,0.021254274535878935,D-,D +5.6
West Virginia,WPA Intelligence,1/13/2020,500.0,32.5,67.5,0.325,0.02094636006565341,B/C,R +2.1
Wisconsin,YouGov/CBS News,10/18/2020,1112.0,52.5,47.5,0.525,0.014975249364373864,B,D +0.4
Wisconsin,Trafalgar Group,10/15/2020,1043.0,51.0,49.0,0.51,0.015478931340252194,0,0
Wisconsin,Morning Consult,10/13/2020,1067.0,53.5,46.5,0.535,0.015269371367811282,0,0
Wisconsin,Ipsos/Reuters,10/12/2020,577.0,53.5,46.5,0.535,0.020764212313455738,B-,D +0.5
Wisconsin,NY Times / Siena College,10/12/2020,789.0,55.0,45.0,0.55,0.01771124538048515,A+,R +0.4
Wisconsin,Baldwin Wallace Univ.,10/11/2020,883.0,53.0,47.0,0.53,0.01679602498408889,C/D,D +8.3
Wisconsin,Redfield & Wilton,10/09/2020,688.0,55.0,45.0,0.55,0.01896677020720774,0,0
Wisconsin,Marquette Law,10/07/2020,700.0,52.5,47.5,0.525,0.018874586088176874,A/B,D +1.0
Wisconsin,CNBC/Change Research,10/06/2020,442.0,53.5,46.5,0.535,0.02372423584682628,C-,D +1.6
Wisconsin,Ipsos/Reuters,10/05/2020,601.0,53.0,47.0,0.53,0.020358680545263564,B-,D +0.5
Wyoming,Axios / SurveyMonkey,10/17/2020,499.0,35.0,65.0,0.35,0.021352091786223066,D-,D +5.6
Wyoming,Axios / SurveyMonkey,10/01/2020,236.0,34.5,65.5,0.345,0.030943839232400978,D-,D +5.6
